paper_id,total_valid_chars,exact_math_chars,exact_math_density,broad_math_chars,broad_math_density
AOS_2023_0001,157660,3735,0.0237,43953,0.2788
AOS_2023_0002,315609,86978,0.2756,102551,0.3249
AOS_2023_0003,86678,27667,0.3192,35926,0.4145
AOS_2023_0004,298013,95456,0.3203,108902,0.3654
AOS_2023_0006,402534,100568,0.2498,182753,0.454
AOS_2023_0007,81830,5243,0.0641,25616,0.313
AOS_2023_0008,198711,20,0.0001,62600,0.315
AOS_2023_0009,180569,31545,0.1747,136734,0.7572
AOS_2023_0010,386248,144880,0.3751,239105,0.619
AOS_2023_0011,251469,135782,0.54,121278,0.4823
AOS_2023_0018,227271,50160,0.2207,136430,0.6003
AOS_2023_0023,285224,50539,0.1772,90328,0.3167
AOS_2023_0027,153999,16845,0.1094,38159,0.2478
AOS_2023_0028,283738,0,0,67147,0.2367
AOS_2023_0030,277632,113490,0.4088,153907,0.5544
AOS_2023_0032,259798,22505,0.0866,131330,0.5055
AOS_2023_0034,220157,130073,0.5908,97551,0.4431
AOS_2023_0035,237969,118405,0.4976,117559,0.494
AOS_2023_0037,146950,51518,0.3506,60560,0.4121
AOS_2023_0041,356876,44740,0.1254,182055,0.5101
AOS_2023_0049,282236,22418,0.0794,129583,0.4591
AOS_2023_0050,95922,0,0,15289,0.1594
AOS_2023_0053,201576,92024,0.4565,67060,0.3327
AOS_2023_0054,205986,25872,0.1256,100802,0.4894
AOS_2023_0055,190221,57424,0.3019,63459,0.3336
AOS_2023_0062,221176,40106,0.1813,83413,0.3771
AOS_2023_0063,232575,113841,0.4895,101153,0.4349
AOS_2023_0065,184811,114925,0.6219,98569,0.5334
AOS_2023_0077,214497,85914,0.4005,41328,0.1927
AOS_2023_0083,265336,111906,0.4218,113148,0.4264
AOS_2023_0093,299126,107158,0.3582,97061,0.3245
AOS_2023_0125,469031,156211,0.3331,339068,0.7229
AOS_2023_0126,171785,12845,0.0748,103724,0.6038
AOS_2023_0128,170920,26917,0.1575,50898,0.2978
AOS_2023_0129,295530,0,0,220736,0.7469
AOS_2023_0130,88630,5197,0.0586,25821,0.2913
AOS_2023_0131,194938,52235,0.268,71374,0.3661
AOS_2023_0132,281722,146052,0.5184,158410,0.5623
AOS_2023_0133,201544,91746,0.4552,64469,0.3199
AOS_2023_0135,213778,67903,0.3176,86282,0.4036
AOS_2023_0143,600660,82212,0.1369,250220,0.4166
AOS_2023_0150,377478,117744,0.3119,79610,0.2109
AOS_2023_0151,123105,62181,0.5051,80232,0.6517
AOS_2023_0152,336042,183602,0.5464,242927,0.7229
AOS_2023_0153,232816,105760,0.4543,122450,0.526
AOS_2023_0154,210624,119795,0.5688,95118,0.4516
AOS_2023_0163,216774,32833,0.1515,56288,0.2597
AOS_2023_0176,225267,94602,0.42,132412,0.5878
AOS_2023_0177,432475,136570,0.3158,152357,0.3523
AOS_2023_0178,188305,95397,0.5066,103281,0.5485
AOS_2023_0179,165576,40792,0.2464,95090,0.5743
AOS_2023_0180,236575,64022,0.2706,71415,0.3019
AOS_2023_0181,67642,13745,0.2032,19792,0.2926
AOS_2023_0182,217715,91408,0.4199,87958,0.404
AOS_2023_0183,337200,184800,0.548,200468,0.5945
AOS_2023_0184,147754,7586,0.0513,92024,0.6228
AOS_2023_0186,243511,47926,0.1968,80172,0.3292
AOS_2023_0188,377805,42117,0.1115,149720,0.3963
AOS_2023_0189,156887,30368,0.1936,39202,0.2499
AOS_2023_0195,280295,56246,0.2007,64058,0.2285
AOS_2023_0196,157068,13648,0.0869,54920,0.3497
AOS_2023_0197,362444,199614,0.5507,182095,0.5024
AOS_2023_0201,153858,70699,0.4595,53634,0.3486
AOS_2023_0202,202782,118947,0.5866,98693,0.4867
AOS_2023_0208,293984,69058,0.2349,81214,0.2763
AOS_2023_0209,1529872,868497,0.5677,1179552,0.771
AOS_2023_0220,168675,65617,0.389,99678,0.5909
AOS_2023_0222,245317,29599,0.1207,97948,0.3993
AOS_2023_0223,328849,210187,0.6392,194395,0.5911
AOS_2023_0227,146622,13769,0.0939,57283,0.3907
AOS_2023_0247,181903,86045,0.473,93751,0.5154
AOS_2023_0248,83940,18380,0.219,38097,0.4539
AOS_2023_0249,478222,113829,0.238,384023,0.803
AOS_2023_0251,153304,82001,0.5349,70066,0.457
AOS_2023_0256,223403,30767,0.1377,84793,0.3796
AOS_2023_0264,238296,90849,0.3812,111011,0.4659
AOS_2023_0266,167455,74190,0.443,76011,0.4539
AOS_2024_0013,239661,15822,0.066,120176,0.5014
AOS_2024_0014,219726,77199,0.3513,75849,0.3452
AOS_2024_0015,267344,12752,0.0477,122205,0.4571
AOS_2024_0016,110513,11864,0.1074,27945,0.2529
AOS_2024_0017,877166,211542,0.2412,664287,0.7573
AOS_2024_0019,480902,228435,0.475,233354,0.4852
AOS_2024_0021,176929,78012,0.4409,78257,0.4423
AOS_2024_0022,495694,182151,0.3675,304579,0.6144
AOS_2024_0024,428284,79431,0.1855,276003,0.6444
AOS_2024_0025,251189,21116,0.0841,191044,0.7606
AOS_2024_0031,581348,40657,0.0699,297067,0.511
AOS_2024_0038,264457,36300,0.1373,107117,0.405
AOS_2024_0040,155766,45076,0.2894,43215,0.2774
AOS_2024_0042,124555,24736,0.1986,36862,0.2959
AOS_2024_0043,158775,66787,0.4206,78687,0.4956
AOS_2024_0045,842576,84973,0.1008,579442,0.6877
AOS_2024_0046,256876,33056,0.1287,87583,0.341
AOS_2024_0047,187621,9571,0.051,81236,0.433
AOS_2024_0048,245524,22003,0.0896,124105,0.5055
AOS_2024_0051,250981,0,0,111523,0.4443
AOS_2024_0056,138926,30995,0.2231,50325,0.3622
AOS_2024_0057,365335,239651,0.656,198756,0.544
AOS_2024_0058,331568,114358,0.3449,155976,0.4704
AOS_2024_0067,397504,249934,0.6288,175218,0.4408
AOS_2024_0068,134846,54147,0.4015,47220,0.3502
AOS_2024_0069,309182,134132,0.4338,137327,0.4442
AOS_2024_0070,161012,31823,0.1976,58501,0.3633
AOS_2024_0071,132865,71739,0.5399,58903,0.4433
AOS_2024_0072,95428,46327,0.4855,32756,0.3433
AOS_2024_0073,398000,221492,0.5565,334232,0.8398
AOS_2024_0074,228328,14091,0.0617,138902,0.6083
AOS_2024_0075,231388,39431,0.1704,161258,0.6969
AOS_2024_0078,264124,21957,0.0831,42891,0.1624
AOS_2024_0079,347288,123493,0.3556,147471,0.4246
AOS_2024_0080,390884,95225,0.2436,209614,0.5363
AOS_2024_0081,353696,53075,0.1501,207055,0.5854
AOS_2024_0086,74514,10932,0.1467,18822,0.2526
AOS_2024_0087,292285,115317,0.3945,213340,0.7299
AOS_2024_0088,209618,63037,0.3007,93306,0.4451
AOS_2024_0090,141012,26156,0.1855,59122,0.4193
AOS_2024_0094,326479,135461,0.4149,87491,0.268
AOS_2024_0096,313215,198320,0.6332,206768,0.6601
AOS_2024_0097,375560,225333,0.6,194019,0.5166
AOS_2024_0099,197870,64248,0.3247,82361,0.4162
AOS_2024_0100,349962,177434,0.507,122880,0.3511
AOS_2024_0101,325641,135535,0.4162,136711,0.4198
AOS_2024_0102,231630,16954,0.0732,91105,0.3933
AOS_2024_0103,231028,127291,0.551,96007,0.4156
AOS_2024_0113,109989,0,0,51562,0.4688
AOS_2024_0136,151956,59343,0.3905,59988,0.3948
AOS_2024_0137,393080,114975,0.2925,177810,0.4524
AOS_2024_0138,223313,116735,0.5227,173769,0.7781
AOS_2024_0140,234368,35856,0.153,67160,0.2866
AOS_2024_0141,359462,110956,0.3087,283895,0.7898
AOS_2024_0142,215776,40648,0.1884,107501,0.4982
AOS_2024_0144,323939,143262,0.4422,126791,0.3914
AOS_2024_0145,184271,77424,0.4202,83564,0.4535
AOS_2024_0146,106127,55593,0.5238,38543,0.3632
AOS_2024_0147,280440,51490,0.1836,129923,0.4633
AOS_2024_0155,379896,133606,0.3517,265018,0.6976
AOS_2024_0156,202417,77747,0.3841,66488,0.3285
AOS_2024_0159,415360,103154,0.2483,126850,0.3054
AOS_2024_0164,282788,30011,0.1061,169075,0.5979
AOS_2024_0165,190374,58201,0.3057,79890,0.4196
AOS_2024_0166,133347,4563,0.0342,50122,0.3759
AOS_2024_0172,235618,105180,0.4464,35313,0.1499
AOS_2024_0187,237856,89989,0.3783,93964,0.395
AOS_2024_0190,101810,36802,0.3615,36447,0.358
AOS_2024_0191,324131,201040,0.6202,196749,0.607
AOS_2024_0198,232788,71789,0.3084,177876,0.7641
AOS_2024_0199,235726,6040,0.0256,86282,0.366
AOS_2024_0200,211019,73943,0.3504,46993,0.2227
AOS_2024_0204,150474,18047,0.1199,83473,0.5547
AOS_2024_0205,582428,116668,0.2003,301108,0.517
AOS_2024_0206,115298,13216,0.1146,43578,0.378
AOS_2024_0207,322267,145834,0.4525,113640,0.3526
AOS_2024_0211,137385,24277,0.1767,30902,0.2249
AOS_2024_0212,143532,9801,0.0683,49844,0.3473
AOS_2024_0214,354749,198172,0.5586,262124,0.7389
AOS_2024_0219,501458,179229,0.3574,322959,0.644
AOS_2024_0224,207327,84411,0.4071,115248,0.5559
AOS_2024_0225,266301,109641,0.4117,132338,0.4969
AOS_2024_0226,206563,12047,0.0583,74005,0.3583
AOS_2024_0232,256363,142903,0.5574,79397,0.3097
AOS_2024_0233,72923,7959,0.1091,16593,0.2275
AOS_2024_0235,146117,4291,0.0294,32129,0.2199
AOS_2024_0254,321384,115751,0.3602,213051,0.6629
AOS_2024_0255,294485,110428,0.375,240983,0.8183
AOS_2024_0259,222321,51640,0.2323,62761,0.2823
AOS_2024_0267,569755,354245,0.6217,358370,0.629
AOS_2024_0268,81465,4903,0.0602,20773,0.255
AOS_2024_0271,1346105,869778,0.6461,690376,0.5129
AOS_2024_0272,120642,34577,0.2866,40560,0.3362
AOS_2024_0273,261313,121519,0.465,102901,0.3938
AOS_2024_0274,258355,16614,0.0643,79252,0.3068
AOS_2025_0012,282822,76410,0.2702,83230,0.2943
AOS_2025_0052,424190,79523,0.1875,216140,0.5095
AOS_2025_0059,97065,36735,0.3785,29212,0.301
AOS_2025_0060,114373,36546,0.3195,40015,0.3499
AOS_2025_0061,231988,3543,0.0153,78142,0.3368
AOS_2025_0082,555012,225736,0.4067,371061,0.6686
AOS_2025_0092,722403,946,0.0013,333983,0.4623
AOS_2025_0105,288092,18993,0.0659,158813,0.5513
AOS_2025_0106,477394,123982,0.2597,281080,0.5888
AOS_2025_0107,232129,68220,0.2939,77608,0.3343
AOS_2025_0108,109773,0,0,32497,0.296
AOS_2025_0109,176658,14536,0.0823,45380,0.2569
AOS_2025_0110,253598,95838,0.3779,133766,0.5275
AOS_2025_0111,99922,24062,0.2408,32955,0.3298
AOS_2025_0115,214125,107805,0.5035,89962,0.4201
AOS_2025_0116,447594,35154,0.0785,280756,0.6273
AOS_2025_0117,194178,63128,0.3251,136900,0.705
AOS_2025_0119,219913,47928,0.2179,65607,0.2983
AOS_2025_0120,123788,6246,0.0505,49644,0.401
AOS_2025_0121,166004,72635,0.4375,63823,0.3845
AOS_2025_0122,224440,11258,0.0502,100792,0.4491
AOS_2025_0123,430886,285148,0.6618,283292,0.6575
AOS_2025_0124,243775,97517,0.4,113763,0.4667
AOS_2025_0148,80902,13584,0.1679,28654,0.3542
AOS_2025_0157,395763,59820,0.1512,130640,0.3301
AOS_2025_0158,523014,167225,0.3197,135483,0.259
AOS_2025_0167,153505,3455,0.0225,128992,0.8403
AOS_2025_0169,170420,47066,0.2762,69796,0.4096
AOS_2025_0170,168162,79723,0.4741,79342,0.4718
AOS_2025_0171,211895,74830,0.3531,75080,0.3543
AOS_2025_0173,267812,141307,0.5276,120248,0.449
AOS_2025_0193,193224,60890,0.3151,62726,0.3246
AOS_2025_0194,129012,9740,0.0755,82197,0.6371
AOS_2025_0215,118747,5202,0.0438,26618,0.2242
AOS_2025_0230,296723,105884,0.3568,126027,0.4247
AOS_2025_0238,208227,4133,0.0198,53360,0.2563
AOS_2025_0239,297084,127616,0.4296,113962,0.3836
AOS_2025_0241,278097,5067,0.0182,154447,0.5554
AOS_2025_0242,478235,43983,0.092,356025,0.7445
AOS_2025_0243,121599,29670,0.244,35292,0.2902
AOS_2025_0244,178281,60405,0.3388,103796,0.5822
AOS_2025_0245,213000,23244,0.1091,93926,0.441
AOS_2025_0246,468384,87096,0.1859,222074,0.4741
AOS_2025_0257,234413,103350,0.4409,130940,0.5586
AOS_2025_0265,278295,146021,0.5247,128968,0.4634
AOS_2025_0276,163605,24394,0.1491,45217,0.2764
AOS_2025_0277,174118,50336,0.2891,47459,0.2726
AOS_2025_0278,106499,32335,0.3036,27254,0.2559
AOS_2025_0284,176241,47155,0.2676,81320,0.4614
AOS_2025_0285,113901,12412,0.109,16243,0.1426
AOS_2025_0287,340736,205256,0.6024,160721,0.4717
AOS_2025_0288,192822,14418,0.0748,49754,0.258
AOS_2025_0289,384281,207362,0.5396,207754,0.5406
AOS_2025_0290,282026,135118,0.4791,245102,0.8691
AOS_2025_0291,132527,6273,0.0473,31229,0.2356
AOS_2025_0292,179724,61369,0.3415,71340,0.3969
AOS_2025_0293,131662,24569,0.1866,44954,0.3414
AOS_2025_0295,191066,82038,0.4294,61463,0.3217
AOS_2025_0297,122427,22721,0.1856,32474,0.2653
AOS_2025_0298,145491,63568,0.4369,39307,0.2702
AOS_2025_0299,174828,71602,0.4096,72882,0.4169
AOS_2025_0300,210949,91022,0.4315,82717,0.3921
AOS_2025_0303,281504,85719,0.3045,123125,0.4374
AOS_2025_0304,308099,25034,0.0813,149107,0.484
AOS_2025_0305,286792,19747,0.0689,84819,0.2958
AOS_2026_0217,339823,21690,0.0638,272818,0.8028
AOS_2026_0228,190206,117921,0.62,112744,0.5927
AOS_2026_0234,309823,202730,0.6543,123090,0.3973
AOS_2026_0252,181034,22803,0.126,107380,0.5931
AOS_2026_0258,321853,128093,0.398,105059,0.3264
AOS_2026_0306,248983,49135,0.1973,82012,0.3294
AOS_2026_0309,118232,24471,0.207,23139,0.1957
AOS_2026_0310,177804,41520,0.2335,83124,0.4675
AOS_2026_0311,168510,46238,0.2744,132880,0.7886
AOS_2026_0315,321542,134476,0.4182,117453,0.3653
AOS_2026_0316,249502,129089,0.5174,105195,0.4216
AOS_2026_0317,288273,108093,0.375,146720,0.509
AOS_2026_0318,309823,202730,0.6543,123090,0.3973
AOS_2026_0320,181034,22803,0.126,107380,0.5931
AOS_2026_0321,380185,194385,0.5113,182701,0.4806
AOS_2026_0322,306925,100632,0.3279,142062,0.4629
AOS_2026_0323,316674,156478,0.4941,146685,0.4632
AOS_2026_0324,196684,16176,0.0822,75276,0.3827
AOS_2026_0325,361886,145460,0.4019,252184,0.6969
AOS_2026_0326,270200,120967,0.4477,160873,0.5954
AOS_2026_0328,207335,8110,0.0391,88441,0.4266
AOS_2026_0329,246165,122536,0.4978,213220,0.8662
AOS_2026_0331,326955,89046,0.2723,168080,0.5141
AOS_2026_0333,188005,49531,0.2635,86163,0.4583
AOS_2026_0334,283356,90652,0.3199,115183,0.4065
AOS_2026_0336,339876,52293,0.1539,138883,0.4086
AOS_2026_0337,342318,146374,0.4276,172886,0.505
AOS_2026_0338,367370,181492,0.494,165912,0.4516
AOS_2026_0339,100296,34320,0.3422,37757,0.3765
AOS_2026_0340,106037,8028,0.0757,25239,0.238
AOS_2026_0341,108457,11059,0.102,33203,0.3061
AOS_2026_0342,145213,55041,0.379,105487,0.7264
BIO_2023_0347,272559,75830,0.2782,76147,0.2794
BIO_2023_0348,159203,14879,0.0935,23507,0.1477
BIO_2023_0350,178436,53632,0.3006,76269,0.4274
BIO_2023_0354,264052,24884,0.0942,148940,0.5641
BIO_2023_0359,106096,19439,0.1832,30010,0.2829
BIO_2023_0360,152513,1737,0.0114,70360,0.4613
BIO_2023_0361,118136,1538,0.013,32078,0.2715
BIO_2023_0363,155399,37269,0.2398,51755,0.333
BIO_2023_0366,105796,4612,0.0436,33044,0.3123
BIO_2023_0367,167202,72554,0.4339,70467,0.4214
BIO_2023_0377,215716,5180,0.024,74536,0.3455
BIO_2023_0379,170410,37998,0.223,123073,0.7222
BIO_2023_0506,37530,3495,0.0931,12552,0.3345
BIO_2023_0507,114966,35035,0.3047,86753,0.7546
BIO_2023_0516,119440,31565,0.2643,25782,0.2159
BIO_2023_0519,89523,22576,0.2522,23420,0.2616
BIO_2024_0349,57686,2064,0.0358,12134,0.2103
BIO_2024_0355,118011,31046,0.2631,27867,0.2361
BIO_2024_0356,113972,26978,0.2367,46953,0.412
BIO_2024_0357,330150,68993,0.209,87545,0.2652
BIO_2024_0365,145946,54210,0.3714,15459,0.1059
BIO_2024_0370,126385,14935,0.1182,51341,0.4062
BIO_2024_0371,80758,4529,0.0561,9124,0.113
BIO_2024_0372,381072,153214,0.4021,145936,0.383
BIO_2024_0373,92877,7113,0.0766,19269,0.2075
BIO_2024_0415,112462,28175,0.2505,76813,0.683
BIO_2024_0526,113397,35714,0.3149,53926,0.4756
BIO_2024_0528,63061,0,0,44871,0.7115
BIO_2024_0531,221694,77596,0.35,146937,0.6628
BIO_2024_0533,262033,67064,0.2559,114720,0.4378
BIO_2024_0536,368684,44091,0.1196,108756,0.295
BIO_2024_0537,201810,29108,0.1442,71192,0.3528
BIO_2024_0538,92708,43506,0.4693,41519,0.4478
BIO_2025_0449,61728,3605,0.0584,13914,0.2254
BIO_2025_0501,198461,94985,0.4786,94602,0.4767
BIO_2025_0502,34728,1186,0.0342,10216,0.2942
BIO_2025_0503,78797,7645,0.097,18006,0.2285
BIO_2025_0505,180678,30344,0.1679,49558,0.2743
BIO_2025_0545,162945,10602,0.0651,51317,0.3149
BIO_2025_0546,69051,23653,0.3425,19520,0.2827
BIO_2025_0549,75493,5782,0.0766,23508,0.3114
BIO_2025_0550,185262,44369,0.2395,71509,0.386
BIO_2025_0552,73668,23549,0.3197,19641,0.2666
BIO_2025_0553,210969,53086,0.2516,172907,0.8196
BIO_2025_0554,72777,5748,0.079,10461,0.1437
BIO_2025_0555,42712,958,0.0224,8729,0.2044
BIO_2025_0556,112796,9420,0.0835,39032,0.346
BIO_2025_0557,152431,52053,0.3415,50759,0.333
BIO_2025_0558,118666,6499,0.0548,54559,0.4598
BIO_2025_0559,146366,29101,0.1988,51152,0.3495
BIO_2025_0561,110325,58713,0.5322,48858,0.4429
BIO_2025_0562,146049,2505,0.0172,48710,0.3335
BIO_2025_0568,112399,27939,0.2486,38975,0.3468
BIO_2025_0572,119802,28477,0.2377,49268,0.4112
BIO_2025_0573,138178,38623,0.2795,71280,0.5159
BIO_2025_0575,156028,12673,0.0812,69680,0.4466
BIO_2025_0578,145700,40328,0.2768,35775,0.2455
BIO_2025_0579,108877,25051,0.2301,30646,0.2815
BIO_2025_0580,187386,5751,0.0307,111956,0.5975
BIO_2025_0582,162745,7923,0.0487,138027,0.8481
BIO_2025_0583,35667,8747,0.2452,8970,0.2515
BIO_2025_0584,142993,47552,0.3325,61609,0.4309
BIO_2025_0586,1226645,47585,0.0388,41939,0.0342
BIO_2025_0587,91243,21070,0.2309,22263,0.244
BIO_2025_0588,83416,10233,0.1227,24933,0.2989
BIO_2025_0591,95022,2317,0.0244,29736,0.3129
BIO_2025_0592,89635,0,0,60803,0.6783
BIO_2025_0594,453626,127386,0.2808,319422,0.7042
BIO_2026_0527,71883,559,0.0078,14542,0.2023
BIO_2026_0574,109151,13020,0.1193,26725,0.2448
BIO_2026_0581,41376,3217,0.0778,3319,0.0802
BIO_2026_0590,120144,29662,0.2469,35684,0.297
BIO_2026_0595,190448,15925,0.0836,59329,0.3115
BIO_2026_0597,133760,94930,0.7097,78715,0.5885
BIO_2026_0598,69877,7766,0.1111,55039,0.7877
BIO_2026_0599,180868,60019,0.3318,52664,0.2912
BIO_2026_0600,194261,43092,0.2218,74624,0.3841
BIO_2026_0602,185376,69281,0.3737,98483,0.5313
BIO_2026_0604,107912,5176,0.048,32567,0.3018
BIO_2026_0606,222073,100770,0.4538,108738,0.4896
BIO_2026_0607,231396,43602,0.1884,98277,0.4247
BIO_2026_0608,54263,22409,0.413,22804,0.4202
BIO_2026_0609,223841,24892,0.1112,172926,0.7725
BIO_2026_0610,159429,68478,0.4295,57853,0.3629
BIO_2026_0611,149846,49726,0.3318,44677,0.2982
BIO_2026_0612,135957,27586,0.2029,41772,0.3072
BIO_2026_0613,136207,34944,0.2566,61668,0.4528
BIO_2026_0614,132997,314,0.0024,49019,0.3686
BIO_2026_0615,120144,29662,0.2469,35684,0.297
BIO_2026_0619,190417,30043,0.1578,146672,0.7703
JASA_2023_0621,150465,23432,0.1557,25928,0.1723
JASA_2023_0622,156130,15479,0.0991,52421,0.3358
JASA_2023_0624,130163,31784,0.2442,39313,0.302
JASA_2023_0626,274269,63269,0.2307,103313,0.3767
JASA_2023_0627,159115,62375,0.392,54887,0.345
JASA_2023_0628,175655,12589,0.0717,36311,0.2067
JASA_2023_0629,309899,27735,0.0895,166019,0.5357
JASA_2023_0631,305181,74002,0.2425,182050,0.5965
JASA_2023_0632,115870,27154,0.2343,28930,0.2497
JASA_2023_0633,155083,38077,0.2455,33364,0.2151
JASA_2023_0635,231371,66919,0.2892,81490,0.3522
JASA_2023_0637,119280,1978,0.0166,20930,0.1755
JASA_2023_0643,198476,15517,0.0782,70731,0.3564
JASA_2023_0647,316764,180563,0.57,143814,0.454
JASA_2023_0648,165269,67091,0.406,98426,0.5956
JASA_2023_0649,188388,0,0,119662,0.6352
JASA_2023_0652,263214,13926,0.0529,111239,0.4226
JASA_2023_0654,136610,32280,0.2363,78629,0.5756
JASA_2023_0655,191732,4039,0.0211,34480,0.1798
JASA_2023_0657,200241,6603,0.033,44698,0.2232
JASA_2023_0661,121851,7689,0.0631,37623,0.3088
JASA_2023_0704,172204,70455,0.4091,64261,0.3732
JASA_2023_0707,163165,22115,0.1355,109230,0.6694
JASA_2023_0716,217065,0,0,151832,0.6995
JASA_2023_0761,201675,21163,0.1049,89732,0.4449
JASA_2023_0762,87988,31982,0.3635,32773,0.3725
JASA_2023_0763,191881,3525,0.0184,121803,0.6348
JASA_2023_0764,82964,14462,0.1743,14261,0.1719
JASA_2023_0765,92299,0,0,4720,0.0511
JASA_2023_0766,248209,75579,0.3045,109880,0.4427
JASA_2023_0767,283023,54396,0.1922,165658,0.5853
JASA_2023_0768,111878,6381,0.057,9515,0.085
JASA_2023_0770,56894,1396,0.0245,4901,0.0861
JASA_2023_0771,256551,114433,0.446,112729,0.4394
JASA_2023_0772,107419,20895,0.1945,24005,0.2235
JASA_2023_0774,211054,35415,0.1678,66396,0.3146
JASA_2023_0776,234281,103758,0.4429,183149,0.7817
JASA_2023_0779,174867,6608,0.0378,51552,0.2948
JASA_2023_0780,351558,0,0,166982,0.475
JASA_2023_0784,282232,120537,0.4271,199422,0.7066
JASA_2023_0785,71208,3145,0.0442,17553,0.2465
JASA_2023_0787,406785,265018,0.6515,201798,0.4961
JASA_2023_0792,231726,37724,0.1628,102037,0.4403
JASA_2023_0793,193980,0,0,145100,0.748
JASA_2023_0794,227713,3131,0.0137,89109,0.3913
JASA_2023_0811,236652,3984,0.0168,96653,0.4084
JASA_2023_0812,148649,37263,0.2507,52050,0.3502
JASA_2023_0813,210602,1384,0.0066,124912,0.5931
JASA_2023_0814,179630,5267,0.0293,57578,0.3205
JASA_2023_0817,261917,5308,0.0203,44210,0.1688
JASA_2023_0818,427837,190597,0.4455,325371,0.7605
JASA_2023_0819,113725,0,0,20538,0.1806
JASA_2023_0839,2388682,84967,0.0356,77533,0.0325
JASA_2023_0855,197970,3811,0.0193,141672,0.7156
JASA_2023_0893,113090,1624,0.0144,17828,0.1576
JASA_2023_0897,170403,0,0,6628,0.0389
JASA_2023_0899,124865,42220,0.3381,35308,0.2828
JASA_2023_0900,231490,15518,0.067,103593,0.4475
JASA_2023_0901,147673,53547,0.3626,65245,0.4418
JASA_2023_0903,317318,113474,0.3576,159025,0.5012
JASA_2023_0904,257312,14188,0.0551,69532,0.2702
JASA_2023_0910,146041,0,0,22006,0.1507
JASA_2023_0920,115264,24683,0.2141,49643,0.4307
JASA_2023_0922,161139,2229,0.0138,58116,0.3607
JASA_2023_0923,99318,17479,0.176,20827,0.2097
JASA_2023_0924,82942,11561,0.1394,18874,0.2276
JASA_2023_0925,223568,59448,0.2659,79564,0.3559
JASA_2023_0926,282474,12978,0.0459,103534,0.3665
JASA_2023_0931,65064,0,0,8165,0.1255
JASA_2023_0932,128338,0,0,82027,0.6391
JASA_2023_0934,179072,3048,0.017,64214,0.3586
JASA_2023_0935,106473,5710,0.0536,47075,0.4421
JASA_2023_0936,219306,32915,0.1501,69713,0.3179
JASA_2023_0945,109185,5820,0.0533,21281,0.1949
JASA_2023_0969,93277,3400,0.0365,26087,0.2797
JASA_2023_0972,122686,46100,0.3758,40658,0.3314
JASA_2023_0974,68527,9513,0.1388,11581,0.169
JASA_2023_0976,152626,2496,0.0164,38570,0.2527
JASA_2023_0984,183249,6311,0.0344,31667,0.1728
JASA_2023_0985,79790,0,0,7232,0.0906
JASA_2023_1031,102073,6088,0.0596,28863,0.2828
JASA_2023_1037,146294,34399,0.2351,46265,0.3162
JASA_2023_1039,32211,0,0,3546,0.1101
JASA_2023_1052,159792,19745,0.1236,102898,0.6439
JASA_2023_1053,58244,6372,0.1094,7559,0.1298
JASA_2023_1056,172056,26748,0.1555,35459,0.2061
JASA_2023_1058,136025,14321,0.1053,32226,0.2369
JASA_2023_1060,82805,2237,0.027,14911,0.1801
JASA_2023_1061,136534,39522,0.2895,46053,0.3373
JASA_2023_1062,270632,113456,0.4192,154539,0.571
JASA_2023_1080,302965,82874,0.2735,146941,0.485
JASA_2023_1083,167988,39917,0.2376,41625,0.2478
JASA_2023_1086,231303,91035,0.3936,181672,0.7854
JASA_2024_0623,155474,33419,0.2149,33633,0.2163
JASA_2024_0630,175343,74573,0.4253,63999,0.365
JASA_2024_0638,180689,52415,0.2901,65984,0.3652
JASA_2024_0659,120996,0,0,9633,0.0796
JASA_2024_0662,135746,22601,0.1665,98248,0.7238
JASA_2024_0663,132033,36888,0.2794,39341,0.298
JASA_2024_0709,135926,34194,0.2516,43641,0.3211
JASA_2024_0710,84308,44,0.0005,16525,0.196
JASA_2024_0711,164034,4320,0.0263,52569,0.3205
JASA_2024_0712,79324,0,0,13902,0.1753
JASA_2024_0713,220007,40441,0.1838,131209,0.5964
JASA_2024_0714,91282,1644,0.018,24458,0.2679
JASA_2024_0718,108085,2049,0.019,17530,0.1622
JASA_2024_0720,94817,1520,0.016,14436,0.1523
JASA_2024_0782,159637,8824,0.0553,33064,0.2071
JASA_2024_0788,196165,53906,0.2748,54572,0.2782
JASA_2024_0790,95304,980,0.0103,6797,0.0713
JASA_2024_0797,506740,185409,0.3659,179874,0.355
JASA_2024_0799,394633,55677,0.1411,226047,0.5728
JASA_2024_0801,268045,4266,0.0159,45905,0.1713
JASA_2024_0802,277693,50004,0.1801,80712,0.2907
JASA_2024_0803,143708,4663,0.0324,41788,0.2908
JASA_2024_0804,37375,0,0,1075,0.0288
JASA_2024_0806,278386,64296,0.231,140174,0.5035
JASA_2024_0807,186175,54724,0.2939,85332,0.4583
JASA_2024_0808,248000,24980,0.1007,143105,0.577
JASA_2024_0821,264740,10662,0.0403,142196,0.5371
JASA_2024_0822,80953,4238,0.0524,35044,0.4329
JASA_2024_0824,80299,0,0,7378,0.0919
JASA_2024_0825,244549,29956,0.1225,120881,0.4943
JASA_2024_0826,234594,14296,0.0609,62804,0.2677
JASA_2024_0827,136334,18345,0.1346,51406,0.3771
JASA_2024_0828,146326,0,0,85361,0.5834
JASA_2024_0829,132598,0,0,21197,0.1599
JASA_2024_0830,284726,18049,0.0634,121279,0.4259
JASA_2024_0836,81006,2646,0.0327,19111,0.2359
JASA_2024_0841,95376,2093,0.0219,23299,0.2443
JASA_2024_0857,51356,406,0.0079,9840,0.1916
JASA_2024_0859,232015,118515,0.5108,123259,0.5313
JASA_2024_0860,137053,26880,0.1961,41077,0.2997
JASA_2024_0861,138227,10981,0.0794,105965,0.7666
JASA_2024_0905,150443,70755,0.4703,64601,0.4294
JASA_2024_0906,81419,3921,0.0482,20262,0.2489
JASA_2024_0907,380921,61432,0.1613,193187,0.5072
JASA_2024_0912,133524,6454,0.0483,68972,0.5166
JASA_2024_0914,167938,49219,0.2931,66667,0.397
JASA_2024_0915,250984,83879,0.3342,88291,0.3518
JASA_2024_0927,116557,5338,0.0458,44627,0.3829
JASA_2024_0928,167308,0,0,35888,0.2145
JASA_2024_0929,69052,0,0,5400,0.0782
JASA_2024_0940,199273,48333,0.2425,60053,0.3014
JASA_2024_0942,81435,2257,0.0277,13164,0.1617
JASA_2024_0944,74231,458,0.0062,12296,0.1656
JASA_2024_0948,438623,236034,0.5381,250161,0.5703
JASA_2024_0950,142616,40887,0.2867,62277,0.4367
JASA_2024_0952,76274,0,0,16892,0.2215
JASA_2024_0953,68868,1635,0.0237,36244,0.5263
JASA_2024_0954,238085,21103,0.0886,66532,0.2794
JASA_2024_0957,149168,28051,0.188,44905,0.301
JASA_2024_0958,264096,122916,0.4654,113564,0.43
JASA_2024_0959,127944,1578,0.0123,41816,0.3268
JASA_2024_0968,138011,0,0,20390,0.1477
JASA_2024_0980,182210,3809,0.0209,27151,0.149
JASA_2024_0981,224637,6315,0.0281,27884,0.1241
JASA_2024_0986,129524,3896,0.0301,21435,0.1655
JASA_2024_0987,138816,0,0,50954,0.3671
JASA_2024_0990,207711,6776,0.0326,25948,0.1249
JASA_2024_0993,282381,161471,0.5718,141142,0.4998
JASA_2024_0994,102720,0,0,20047,0.1952
JASA_2024_0995,1218756,49380,0.0405,954324,0.783
JASA_2024_0997,267363,1786,0.0067,115913,0.4335
JASA_2024_0998,78384,623,0.0079,55124,0.7033
JASA_2024_0999,278843,65275,0.2341,91458,0.328
JASA_2024_1001,120059,1546,0.0129,45585,0.3797
JASA_2024_1002,151476,49394,0.3261,46525,0.3071
JASA_2024_1003,71997,2147,0.0298,20188,0.2804
JASA_2024_1004,164617,11497,0.0698,34381,0.2089
JASA_2024_1005,142523,26856,0.1884,58441,0.41
JASA_2024_1041,126516,32108,0.2538,73776,0.5831
JASA_2024_1042,168882,68047,0.4029,76168,0.451
JASA_2024_1043,122654,23743,0.1936,29121,0.2374
JASA_2024_1044,81641,9898,0.1212,14616,0.179
JASA_2024_1045,394160,166046,0.4213,169212,0.4293
JASA_2024_1046,342348,19239,0.0562,56426,0.1648
JASA_2024_1048,149787,3902,0.0261,47004,0.3138
JASA_2024_1054,288546,28189,0.0977,114413,0.3965
JASA_2024_1057,132078,26923,0.2038,55402,0.4195
JASA_2024_1090,130273,53272,0.4089,56396,0.4329
JASA_2024_1097,165935,62872,0.3789,55778,0.3361
JASA_2024_1098,179680,7892,0.0439,69872,0.3889
JASA_2024_1103,219963,8162,0.0371,167115,0.7597
JASA_2024_1107,2903390,4986,0.0017,42409,0.0146
JASA_2024_1108,102720,0,0,20047,0.1952
JASA_2024_1124,198705,74810,0.3765,112033,0.5638
JASA_2024_1126,178688,3042,0.017,18970,0.1062
JASA_2025_0634,242547,126668,0.5222,134588,0.5549
JASA_2025_0640,92582,0,0,2343,0.0253
JASA_2025_0641,261369,20517,0.0785,188057,0.7195
JASA_2025_0705,103707,0,0,86517,0.8342
JASA_2025_0715,105237,2161,0.0205,21180,0.2013
JASA_2025_0721,53606,3001,0.056,10004,0.1866
JASA_2025_0777,218877,51850,0.2369,64593,0.2951
JASA_2025_0815,111636,18690,0.1674,40041,0.3587
JASA_2025_0832,187261,14848,0.0793,41201,0.22
JASA_2025_0833,168921,10548,0.0624,84166,0.4983
JASA_2025_0834,126897,15113,0.1191,18741,0.1477
JASA_2025_0835,223019,31735,0.1423,104546,0.4688
JASA_2025_0842,119076,0,0,15605,0.1311
JASA_2025_0843,159529,3909,0.0245,133375,0.8361
JASA_2025_0844,167324,42874,0.2562,69028,0.4125
JASA_2025_0845,74997,2168,0.0289,13318,0.1776
JASA_2025_0846,207610,14994,0.0722,38588,0.1859
JASA_2025_0848,137638,27905,0.2027,115295,0.8377
JASA_2025_0849,104282,0,0,6019,0.0577
JASA_2025_0850,90370,5602,0.062,24454,0.2706
JASA_2025_0851,156676,75423,0.4814,78974,0.5041
JASA_2025_0852,295809,54248,0.1834,106633,0.3605
JASA_2025_0853,121146,0,0,18458,0.1524
JASA_2025_0865,187238,13048,0.0697,123598,0.6601
JASA_2025_0866,441476,13072,0.0296,382307,0.866
JASA_2025_0867,86695,7871,0.0908,25095,0.2895
JASA_2025_0869,90398,0,0,11040,0.1221
JASA_2025_0871,118428,15665,0.1323,26272,0.2218
JASA_2025_0872,214469,990,0.0046,29985,0.1398
JASA_2025_0873,124321,6306,0.0507,35184,0.283
JASA_2025_0875,297424,41182,0.1385,252503,0.849
JASA_2025_0878,121556,12834,0.1056,34336,0.2825
JASA_2025_0879,312827,80679,0.2579,186015,0.5946
JASA_2025_0881,79660,2746,0.0345,17759,0.2229
JASA_2025_0882,172938,0,0,84049,0.486
JASA_2025_0883,168636,35617,0.2112,41533,0.2463
JASA_2025_0884,87603,3935,0.0449,78244,0.8932
JASA_2025_0916,230175,0,0,91224,0.3963
JASA_2025_0917,98145,20275,0.2066,16469,0.1678
JASA_2025_0918,298511,174383,0.5842,202932,0.6798
JASA_2025_0947,94561,28834,0.3049,31447,0.3326
JASA_2025_0961,256612,280,0.0011,35006,0.1364
JASA_2025_0964,253170,9600,0.0379,194347,0.7677
JASA_2025_0965,156411,0,0,23670,0.1513
JASA_2025_0967,127050,18815,0.1481,53423,0.4205
JASA_2025_0971,200663,88058,0.4388,74070,0.3691
JASA_2025_0973,170633,21556,0.1263,36674,0.2149
JASA_2025_1007,83439,7978,0.0956,24679,0.2958
JASA_2025_1008,169922,56649,0.3334,53586,0.3154
JASA_2025_1009,115221,0,0,8890,0.0772
JASA_2025_1011,137535,7692,0.0559,38336,0.2787
JASA_2025_1013,1868616,90069,0.0482,1762257,0.9431
JASA_2025_1014,225731,107018,0.4741,121375,0.5377
JASA_2025_1018,445199,100182,0.225,215578,0.4842
JASA_2025_1022,182037,63761,0.3503,66980,0.3679
JASA_2025_1023,149649,9118,0.0609,36224,0.2421
JASA_2025_1028,180679,65927,0.3649,39818,0.2204
JASA_2025_1030,308638,60011,0.1944,58989,0.1911
JASA_2025_1050,162863,21,0.0001,38113,0.234
JASA_2025_1069,127961,10701,0.0836,38951,0.3044
JASA_2025_1092,142615,0,0,23188,0.1626
JASA_2025_1130,106567,11406,0.107,29158,0.2736
JASA_2025_1132,100661,9267,0.0921,53692,0.5334
JASA_2025_1133,67049,0,0,10172,0.1517
JASA_2025_1134,87681,0,0,15960,0.182
JASA_2025_1135,64146,3020,0.0471,10622,0.1656
JASA_2025_1137,199895,91117,0.4558,87541,0.4379
JASA_2025_1140,294181,115815,0.3937,102850,0.3496
JASA_2025_1141,158115,39353,0.2489,64576,0.4084
JASA_2025_1142,115689,0,0,68388,0.5911
JASA_2025_1144,153972,67554,0.4387,68315,0.4437
JASA_2025_1145,322394,198167,0.6147,180815,0.5609
JASA_2025_1164,53606,3001,0.056,10004,0.1866
JASA_2025_1166,206356,14468,0.0701,63186,0.3062
JASA_2025_1169,76070,756,0.0099,7413,0.0974
JASA_2025_1170,116742,0,0,12945,0.1109
JASA_2025_1171,75847,0,0,3290,0.0434
JASA_2025_1172,179105,30584,0.1708,36063,0.2014
JASA_2025_1173,141217,45810,0.3244,51340,0.3636
JASA_2025_1177,72229,1368,0.0189,25402,0.3517
JASA_2025_1180,71275,21,0.0003,3678,0.0516
JASA_2025_1182,241020,42733,0.1773,54534,0.2263
JASA_2025_1187,423314,102180,0.2414,134410,0.3175
JASA_2025_1189,927955,96738,0.1042,748614,0.8067
JASA_2025_1192,198678,20727,0.1043,42209,0.2124
JASA_2025_1193,307639,166094,0.5399,170582,0.5545
JASA_2025_1194,95066,8194,0.0862,20776,0.2185
JASA_2025_1195,240574,57917,0.2407,70824,0.2944
JASA_2025_1196,70594,3202,0.0454,8612,0.122
JASA_2025_1197,111285,24143,0.2169,24864,0.2234
JASA_2025_1198,101994,2730,0.0268,21998,0.2157
JASA_2025_1199,503756,53817,0.1068,281761,0.5593
JASA_2025_1200,102720,0,0,20047,0.1952
JASA_2025_1201,149100,3330,0.0223,9723,0.0652
JASA_2025_1203,214432,21,0.0001,80963,0.3776
JASA_2025_1207,447089,104890,0.2346,428797,0.9591
JASA_2025_1208,413599,163323,0.3949,166732,0.4031
JASA_2025_1212,343315,167246,0.4872,179048,0.5215
JASA_2025_1215,181156,35729,0.1972,35774,0.1975
JASA_2025_1224,236999,11016,0.0465,44760,0.1889
JASA_2025_1225,100364,4490,0.0447,20447,0.2037
JASA_2025_1226,81576,0,0,6883,0.0844
JASA_2025_1229,147286,1746,0.0119,36593,0.2484
JASA_2025_1230,178469,56565,0.3169,66205,0.371
JASA_2025_1231,55162,0,0,20375,0.3694
JASA_2025_1232,222566,58639,0.2635,81461,0.366
JASA_2025_1233,71566,2811,0.0393,12612,0.1762
JASA_2025_1234,76346,0,0,4945,0.0648
JASA_2025_1236,152857,11144,0.0729,54733,0.3581
JASA_2025_1237,122433,20280,0.1656,28972,0.2366
JASA_2025_1239,72928,1062,0.0146,14504,0.1989
JASA_2025_1240,170501,15435,0.0905,84423,0.4951
JASA_2025_1243,129288,50918,0.3938,46083,0.3564
JASA_2025_1246,184862,92658,0.5012,32893,0.1779
JASA_2025_1248,110371,758,0.0069,20369,0.1846
JASA_2025_1251,325056,0,0,103588,0.3187
JASA_2025_1252,422949,5732,0.0136,24354,0.0576
JASA_2025_1254,69804,3617,0.0518,13225,0.1895
JASA_2025_1255,81965,4411,0.0538,15612,0.1905
JASA_2025_1257,193473,36402,0.1882,55480,0.2868
JASA_2025_1258,188269,66592,0.3537,56425,0.2997
JASA_2025_1260,192752,87651,0.4547,90163,0.4678
JASA_2025_1262,137577,8322,0.0605,29506,0.2145
JASA_2025_1263,134583,8426,0.0626,41027,0.3048
JASA_2025_1264,150140,35662,0.2375,36466,0.2429
JASA_2025_1267,142615,0,0,23188,0.1626
JASA_2025_1268,298922,63038,0.2109,90821,0.3038
JASA_2026_0854,544828,173320,0.3181,334568,0.6141
JASA_2026_0887,146348,37339,0.2551,53984,0.3689
JASA_2026_0888,388047,132411,0.3412,203175,0.5236
JASA_2026_0889,92603,9403,0.1015,68006,0.7344
JASA_2026_0890,114694,0,0,9036,0.0788
JASA_2026_0891,246518,10779,0.0437,199945,0.8111
JASA_2026_0892,85208,6341,0.0744,40492,0.4752
JASA_2026_0970,146841,0,0,28372,0.1932
JASA_2026_0982,262837,47847,0.182,191073,0.727
JASA_2026_0992,196691,28759,0.1462,34188,0.1738
JASA_2026_1032,174625,29362,0.1681,56754,0.325
JASA_2026_1040,80540,4287,0.0532,14339,0.178
JASA_2026_1049,255397,71500,0.28,74306,0.2909
JASA_2026_1055,147093,26201,0.1781,24183,0.1644
JASA_2026_1059,83394,0,0,22933,0.275
JASA_2026_1101,265495,81933,0.3086,88018,0.3315
JASA_2026_1102,128823,4512,0.035,39493,0.3066
JASA_2026_1105,120100,38139,0.3176,37787,0.3146
JASA_2026_1106,206655,15124,0.0732,44778,0.2167
JASA_2026_1112,259800,122445,0.4713,123564,0.4756
JASA_2026_1116,124255,2663,0.0214,12909,0.1039
JASA_2026_1118,231070,18876,0.0817,136037,0.5887
JASA_2026_1123,189919,32946,0.1735,82385,0.4338
JASA_2026_1127,72266,106,0.0015,11113,0.1538
JASA_2026_1223,217924,1882,0.0086,57081,0.2619
JASA_2026_1227,105251,2428,0.0231,67428,0.6406
JASA_2026_1228,226960,3702,0.0163,40736,0.1795
JASA_2026_1244,153916,1876,0.0122,51677,0.3357
JASA_2026_1250,181490,1117,0.0062,76826,0.4233
JASA_2026_1256,75409,3049,0.0404,9846,0.1306
JASA_2026_1270,217924,1882,0.0086,57081,0.2619
JASA_2026_1274,286276,9098,0.0318,118937,0.4155
JASA_2026_1275,181346,18969,0.1046,44590,0.2459
JASA_2026_1276,194808,42594,0.2186,97584,0.5009
JASA_2026_1279,785193,128686,0.1639,640967,0.8163
JASA_2026_1281,94625,16977,0.1794,20845,0.2203
JASA_2026_1282,379889,65276,0.1718,157984,0.4159
JASA_2026_1283,131209,33204,0.2531,37051,0.2824
JASA_2026_1284,126627,56641,0.4473,44636,0.3525
JASA_2026_1288,177375,19194,0.1082,78441,0.4422
JASA_2026_1289,101141,0,0,13541,0.1339
JASA_2026_1290,206799,60811,0.2941,164625,0.7961
JASA_2026_1291,193437,19560,0.1011,36647,0.1895
JASA_2026_1293,54818,0,0,4301,0.0785
JASA_2026_1294,146841,0,0,28372,0.1932
JASA_2026_1296,346715,225239,0.6496,195888,0.565
JASA_2026_1297,208306,74476,0.3575,79075,0.3796
JASA_2026_1300,196691,28759,0.1462,34188,0.1738
JASA_2026_1301,255397,71500,0.28,74306,0.2909
JASA_2026_1304,128823,4512,0.035,39493,0.3066
JASA_2026_1309,107009,0,0,14942,0.1396
JASA_2026_1310,129747,13589,0.1047,12133,0.0935
JASA_2026_1311,487009,73785,0.1515,437263,0.8979
JASA_2026_1312,107840,21126,0.1959,42660,0.3956
JASA_2026_1315,173806,11998,0.069,100564,0.5786
JASA_2026_1316,185879,31159,0.1676,35618,0.1916
JASA_2026_1318,309139,107199,0.3468,219198,0.7091
JASA_2026_1319,193568,16265,0.084,47764,0.2468
JASA_2026_1320,222959,85413,0.3831,96322,0.432
JASA_2026_1321,186410,7903,0.0424,97775,0.5245
JASA_2026_1322,165213,0,0,44206,0.2676
JASA_2026_1323,781531,18558,0.0237,586891,0.751
JASA_2026_1324,124255,2663,0.0214,12909,0.1039
JASA_2026_1325,123760,0,0,30397,0.2456
JASA_2026_1326,102720,0,0,20047,0.1952
JASA_2026_1327,156530,3666,0.0234,103962,0.6642
JASA_2026_1328,128666,65416,0.5084,61564,0.4785
JASA_2026_1330,76915,1793,0.0233,61863,0.8043
JASA_2026_1332,206332,23880,0.1157,102838,0.4984
JASA_2026_1333,126226,3995,0.0316,70324,0.5571
JASA_2026_1334,102720,0,0,20047,0.1952
JASA_2026_1335,98138,10937,0.1114,26337,0.2684
JASA_2026_1336,785110,6823,0.0087,39436,0.0502
JASA_2026_1338,177449,82483,0.4648,39197,0.2209
JASA_2026_1341,267276,14265,0.0534,42976,0.1608
JASA_2026_1342,153073,23755,0.1552,33069,0.216
JASA_2026_1343,189919,32946,0.1735,82385,0.4338
JASA_2026_1344,219987,7261,0.033,54690,0.2486
JASA_2026_1346,259800,122445,0.4713,123564,0.4756
JASA_2026_1350,326771,25503,0.078,159867,0.4892
JASA_2026_1351,222782,14597,0.0655,114097,0.5121
JASA_2026_1352,79987,2630,0.0329,19028,0.2379
JASA_2026_1353,90773,4855,0.0535,14521,0.16
JASA_2026_1355,137617,15652,0.1137,34336,0.2495
JASA_2026_1356,205358,27135,0.1321,81868,0.3987
JASA_2026_1366,80540,4287,0.0532,14339,0.178
JASA_2026_1369,185303,52889,0.2854,29896,0.1613
JASA_2026_1372,180099,21645,0.1202,61002,0.3387
JASA_2026_1374,172461,21966,0.1274,104254,0.6045
JASA_2026_1376,231146,97211,0.4206,121863,0.5272
JASA_2026_1377,99787,11745,0.1177,23282,0.2333
JRSSB_2023_1378,97617,20056,0.2055,27336,0.28
JRSSB_2023_1379,268952,54533,0.2028,68285,0.2539
JRSSB_2023_1381,373047,151703,0.4067,238570,0.6395
JRSSB_2023_1382,300333,10733,0.0357,169451,0.5642
JRSSB_2023_1383,197078,26214,0.133,70521,0.3578
JRSSB_2023_1390,127500,7610,0.0597,30367,0.2382
JRSSB_2023_1393,125508,36296,0.2892,54797,0.4366
JRSSB_2023_1394,151918,6729,0.0443,56727,0.3734
JRSSB_2023_1399,218525,14873,0.0681,121009,0.5538
JRSSB_2023_1401,90109,0,0,9173,0.1018
JRSSB_2023_1402,139129,27398,0.1969,53672,0.3858
JRSSB_2023_1403,204139,21665,0.1061,56125,0.2749
JRSSB_2023_1408,150278,0,0,19270,0.1282
JRSSB_2023_1410,418814,38302,0.0915,156015,0.3725
JRSSB_2023_1411,517268,101779,0.1968,344834,0.6666
JRSSB_2023_1413,242622,11046,0.0455,45808,0.1888
JRSSB_2023_1416,222775,35520,0.1594,71797,0.3223
JRSSB_2023_1417,161441,17124,0.1061,52648,0.3261
JRSSB_2023_1418,364687,0,0,102719,0.2817
JRSSB_2023_1419,382376,148702,0.3889,175236,0.4583
JRSSB_2023_1420,302500,38230,0.1264,54034,0.1786
JRSSB_2023_1421,250555,11638,0.0464,77245,0.3083
JRSSB_2023_1422,92472,3477,0.0376,12790,0.1383
JRSSB_2023_1424,151301,31038,0.2051,37497,0.2478
JRSSB_2023_1425,109173,2596,0.0238,14306,0.131
JRSSB_2023_1432,122631,0,0,22285,0.1817
JRSSB_2023_1434,195188,1028,0.0053,26557,0.1361
JRSSB_2023_1435,73765,19527,0.2647,20001,0.2711
JRSSB_2023_1437,200913,19631,0.0977,70310,0.35
JRSSB_2023_1440,492894,340336,0.6905,279294,0.5666
JRSSB_2023_1445,73346,11658,0.1589,51889,0.7075
JRSSB_2023_1449,141776,46161,0.3256,40087,0.2827
JRSSB_2023_1453,61887,2904,0.0469,12343,0.1994
JRSSB_2023_1459,135400,12061,0.0891,17991,0.1329
JRSSB_2023_1460,158440,0,0,24454,0.1543
JRSSB_2023_1461,308490,23086,0.0748,228134,0.7395
JRSSB_2023_1463,114777,37761,0.329,86064,0.7498
JRSSB_2023_1464,186797,41958,0.2246,52522,0.2812
JRSSB_2023_1468,92736,0,0,32301,0.3483
JRSSB_2023_1471,243286,27293,0.1122,80479,0.3308
JRSSB_2023_1473,225084,106589,0.4736,79582,0.3536
JRSSB_2023_1474,309877,147784,0.4769,143257,0.4623
JRSSB_2023_1496,214780,21043,0.098,44960,0.2093
JRSSB_2023_1510,145141,8930,0.0615,44587,0.3072
JRSSB_2023_1511,268474,95838,0.357,81051,0.3019
JRSSB_2023_1512,175586,6842,0.039,46172,0.263
JRSSB_2023_1514,1791710,65380,0.0365,66683,0.0372
JRSSB_2023_1515,65896,6287,0.0954,11871,0.1801
JRSSB_2023_1516,276518,81439,0.2945,104126,0.3766
JRSSB_2023_1518,195165,76645,0.3927,74997,0.3843
JRSSB_2023_1519,130296,19858,0.1524,75963,0.583
JRSSB_2023_1525,93526,31587,0.3377,27827,0.2975
JRSSB_2023_1530,209640,37259,0.1777,59042,0.2816
JRSSB_2023_1531,210043,2446,0.0116,61145,0.2911
JRSSB_2023_1542,170020,0,0,101033,0.5942
JRSSB_2023_1571,121090,33031,0.2728,49369,0.4077
JRSSB_2023_1575,223099,13007,0.0583,159928,0.7168
JRSSB_2023_1635,231109,33664,0.1457,75805,0.328
JRSSB_2023_1656,112116,5044,0.045,16626,0.1483
JRSSB_2024_1380,85804,0,0,25279,0.2946
JRSSB_2024_1387,127252,20627,0.1621,30506,0.2397
JRSSB_2024_1388,215632,57315,0.2658,184856,0.8573
JRSSB_2024_1389,487432,109190,0.224,226388,0.4645
JRSSB_2024_1396,329443,64446,0.1956,58934,0.1789
JRSSB_2024_1406,389384,147735,0.3794,198000,0.5085
JRSSB_2024_1414,137401,0,0,34393,0.2503
JRSSB_2024_1426,242382,10094,0.0416,172713,0.7126
JRSSB_2024_1427,212849,78390,0.3683,115713,0.5436
JRSSB_2024_1428,200433,48308,0.241,65503,0.3268
JRSSB_2024_1429,80598,1033,0.0128,13826,0.1715
JRSSB_2024_1431,282429,134900,0.4776,113104,0.4005
JRSSB_2024_1433,295170,111578,0.378,119063,0.4034
JRSSB_2024_1436,514191,339200,0.6597,282449,0.5493
JRSSB_2024_1438,181364,19261,0.1062,50908,0.2807
JRSSB_2024_1442,59293,0,0,14762,0.249
JRSSB_2024_1451,188241,31889,0.1694,148552,0.7892
JRSSB_2024_1452,174515,54092,0.31,50345,0.2885
JRSSB_2024_1456,142461,29234,0.2052,38449,0.2699
JRSSB_2024_1462,234128,80118,0.3422,103047,0.4401
JRSSB_2024_1472,173294,15312,0.0884,124884,0.7206
JRSSB_2024_1475,210556,10902,0.0518,106224,0.5045
JRSSB_2024_1477,173168,0,0,40135,0.2318
JRSSB_2024_1479,128825,26691,0.2072,36913,0.2865
JRSSB_2024_1480,324208,43308,0.1336,183421,0.5658
JRSSB_2024_1482,209961,55418,0.2639,66871,0.3185
JRSSB_2024_1485,272403,0,0,100767,0.3699
JRSSB_2024_1486,79245,3101,0.0391,18907,0.2386
JRSSB_2024_1487,231704,92102,0.3975,90919,0.3924
JRSSB_2024_1489,283222,98776,0.3488,126373,0.4462
JRSSB_2024_1490,210620,0,0,85361,0.4053
JRSSB_2024_1497,251894,61988,0.2461,107529,0.4269
JRSSB_2024_1498,593912,22117,0.0372,40866,0.0688
JRSSB_2024_1528,266693,0,0,106278,0.3985
JRSSB_2024_1529,1053140,530927,0.5041,800174,0.7598
JRSSB_2024_1533,177121,35461,0.2002,48257,0.2725
JRSSB_2024_1534,162864,15362,0.0943,55588,0.3413
JRSSB_2024_1535,370130,147255,0.3978,161370,0.436
JRSSB_2024_1540,266758,98189,0.3681,130648,0.4898
JRSSB_2024_1541,163698,50935,0.3112,52726,0.3221
JRSSB_2024_1545,106535,2230,0.0209,24503,0.23
JRSSB_2024_1551,123851,8509,0.0687,25590,0.2066
JRSSB_2024_1552,128427,18009,0.1402,29069,0.2263
JRSSB_2024_1563,389428,70845,0.1819,229060,0.5882
JRSSB_2024_1572,144323,12947,0.0897,28267,0.1959
JRSSB_2024_1573,99912,5292,0.053,18641,0.1866
JRSSB_2024_1574,303985,90563,0.2979,82985,0.273
JRSSB_2024_1708,167565,15644,0.0934,22391,0.1336
JRSSB_2024_1709,241102,69995,0.2903,100990,0.4189
JRSSB_2024_1711,125255,21846,0.1744,72612,0.5797
JRSSB_2024_1714,193477,15408,0.0796,59612,0.3081
JRSSB_2025_1391,196195,74150,0.3779,74854,0.3815
JRSSB_2025_1398,100053,15878,0.1587,22908,0.229
JRSSB_2025_1443,175896,19966,0.1135,58672,0.3336
JRSSB_2025_1484,160884,5240,0.0326,62669,0.3895
JRSSB_2025_1492,181602,25859,0.1424,42235,0.2326
JRSSB_2025_1493,124754,0,0,15711,0.1259
JRSSB_2025_1494,276913,74833,0.2702,90271,0.326
JRSSB_2025_1499,118023,6515,0.0552,108516,0.9194
JRSSB_2025_1503,201472,50602,0.2512,73857,0.3666
JRSSB_2025_1504,295527,113839,0.3852,166558,0.5636
JRSSB_2025_1505,197853,70099,0.3543,76579,0.387
JRSSB_2025_1506,223116,48014,0.2152,53477,0.2397
JRSSB_2025_1536,185263,5698,0.0308,125390,0.6768
JRSSB_2025_1537,171006,4789,0.028,70019,0.4095
JRSSB_2025_1538,235333,18328,0.0779,44161,0.1877
JRSSB_2025_1539,138580,6314,0.0456,46032,0.3322
JRSSB_2025_1554,242258,27542,0.1137,88285,0.3644
JRSSB_2025_1555,148677,13296,0.0894,55455,0.373
JRSSB_2025_1556,190971,71458,0.3742,64927,0.34
JRSSB_2025_1557,393188,18380,0.0467,105205,0.2676
JRSSB_2025_1558,341050,19934,0.0584,174649,0.5121
JRSSB_2025_1559,317667,64519,0.2031,164070,0.5165
JRSSB_2025_1560,138444,17591,0.1271,43249,0.3124
JRSSB_2025_1561,701027,133587,0.1906,127566,0.182
JRSSB_2025_1562,97059,2507,0.0258,11265,0.1161
JRSSB_2025_1564,229679,51173,0.2228,48642,0.2118
JRSSB_2025_1658,180235,27943,0.155,39587,0.2196
JRSSB_2025_1675,116987,6819,0.0583,18182,0.1554
JRSSB_2025_1717,162276,37469,0.2309,59863,0.3689
JRSSB_2025_1719,122980,10142,0.0825,51054,0.4151
JRSSB_2025_1721,390940,14564,0.0373,177704,0.4546
JRSSB_2025_1722,187394,96310,0.5139,91766,0.4897
JRSSB_2025_1723,188857,14123,0.0748,40192,0.2128
JRSSB_2025_1724,253157,15848,0.0626,91575,0.3617
JRSSB_2025_1725,220280,59259,0.269,82417,0.3741
JRSSB_2025_1727,277679,60776,0.2189,76787,0.2765
JRSSB_2025_1730,184387,35154,0.1907,64189,0.3481
JRSSB_2025_1732,113483,3628,0.032,30365,0.2676
JRSSB_2025_1733,121150,6066,0.0501,30234,0.2496
JRSSB_2025_1734,194952,14375,0.0737,104126,0.5341
JRSSB_2025_1736,76028,2610,0.0343,22736,0.299
JRSSB_2025_1738,296323,136942,0.4621,131106,0.4424
JRSSB_2025_1739,158784,7216,0.0454,82327,0.5185
JRSSB_2025_1740,222995,34354,0.1541,43764,0.1963
JRSSB_2025_1741,270915,100020,0.3692,112132,0.4139
JRSSB_2025_1744,205413,94231,0.4587,173340,0.8439
JRSSB_2025_1745,218814,25522,0.1166,58876,0.2691
JRSSB_2025_1746,74616,1867,0.025,15093,0.2023
JRSSB_2025_1747,474115,114181,0.2408,169536,0.3576
JRSSB_2025_1749,228178,63533,0.2784,99351,0.4354
JRSSB_2025_1751,111302,9005,0.0809,23096,0.2075
JRSSB_2025_1752,437926,259051,0.5915,213479,0.4875
JRSSB_2025_1755,297901,108821,0.3653,115008,0.3861
JRSSB_2025_1756,224789,47671,0.2121,60469,0.269
JRSSB_2025_1757,141846,42318,0.2983,41536,0.2928
JRSSB_2025_1770,312633,160219,0.5125,166814,0.5336
JRSSB_2025_1784,211432,51646,0.2443,59092,0.2795
JRSSB_2026_1444,272797,81401,0.2984,99613,0.3652
JRSSB_2026_1508,134081,5653,0.0422,34556,0.2577
JRSSB_2026_1527,186971,17685,0.0946,31549,0.1687
JRSSB_2026_1546,471684,10418,0.0221,340066,0.721
JRSSB_2026_1674,245054,142739,0.5825,120263,0.4908
JRSSB_2026_1710,231506,68737,0.2969,60760,0.2625
JRSSB_2026_1718,231870,60926,0.2628,102249,0.441
JRSSB_2026_1804,221527,71878,0.3245,111236,0.5021
JRSSB_2026_1806,159429,6493,0.0407,53587,0.3361
JRSSB_2026_1808,290114,14425,0.0497,150265,0.518
JRSSB_2026_1809,114793,26689,0.2325,33354,0.2906
JRSSB_2026_1810,125828,20708,0.1646,25223,0.2005
JRSSB_2026_1811,272797,81401,0.2984,99613,0.3652
JRSSB_2026_1812,236346,77936,0.3298,92537,0.3915
JRSSB_2026_1813,466471,24857,0.0533,271855,0.5828
JRSSB_2026_1815,240922,124271,0.5158,89985,0.3735
JRSSB_2026_1816,85647,3658,0.0427,22281,0.2601
